source_name,file_name,row_count,column_count,duplicate_row_count
customers,olist_customers_dataset.csv,99441,5,0
geolocation,olist_geolocation_dataset.csv,1000163,5,261831
orders,olist_orders_dataset.csv,99441,8,0
order_items,olist_order_items_dataset.csv,112650,7,0
payments,olist_order_payments_dataset.csv,103886,5,0
reviews,olist_order_reviews_dataset.csv,99224,7,0
products,olist_products_dataset.csv,32951,9,0
sellers,olist_sellers_dataset.csv,3095,4,0
category_translation,product_category_name_translation.csv,71,2,0
